Hotel name,location,price,rating,review,link
Mehul- Near cannaught place,"Paharganj, New Delhi","₹ 76,781",10,Exceptional,https://www.booking.com/hotel/in/mehul-near-cannaught-place.en-gb.html?label=gen173nr-1BCAEoggI46AdIM1gEaGyIAQGYAQm4AQfIAQzYAQHoAQGIAgGoAgO4Aq73wr8GwAIB0gIkMzE0ODY0OTEtNTRhOS00ZTI2LWI4MzQtOTQ0MzllZjZmZTI42AIF4AIB&sid=da37e465ce5570e651695d00c645131c&aid=304142&ucfs=1&arphpl=1&checkin=2025-04-11&checkout=2025-05-13&dest_id=-2106102&dest_type=city&group_adults=2&req_adults=2&no_rooms=1&group_children=0&req_children=0&hpos=1&hapos=1&sr_order=popularity&srpvid=e9d62ce026480379&srepoch=1743834178&all_sr_blocks=1384885501_410603932_0_2_0_863129&highlighted_blocks=1384885501_410603932_0_2_0_863129&matching_block_id=1384885501_410603932_0_2_0_863129&sr_pri_blocks=1384885501_410603932_0_2_0_863129_7678080&from=searchresults
Hotel Grace Plus,"Chanakyapuri, New Delhi","₹ 19,339",9.0,Superb,https://www.booking.com/hotel/in/ambessy-plus.en-gb.html?label=gen173nr-1BCAEoggI46AdIM1gEaGyIAQGYAQm4AQfIAQzYAQHoAQGIAgGoAgO4Aq73wr8GwAIB0gIkMzE0ODY0OTEtNTRhOS00ZTI2LWI4MzQtOTQ0MzllZjZmZTI42AIF4AIB&sid=da37e465ce5570e651695d00c645131c&aid=304142&ucfs=1&arphpl=1&checkin=2025-04-11&checkout=2025-05-13&dest_id=-2106102&dest_type=city&group_adults=2&req_adults=2&no_rooms=1&group_children=0&req_children=0&hpos=2&hapos=2&sr_order=popularity&srpvid=e9d62ce026480379&srepoch=1743834178&all_sr_blocks=1386402601_410650968_2_1_0&highlighted_blocks=1386402601_410650968_2_1_0&matching_block_id=1386402601_410650968_2_1_0&sr_pri_blocks=1386402601_410650968_2_1_0__1933920&from=searchresults
Hotel Honey Inn - Dwarka Sec 7,New Delhi,"₹ 33,728",N/A,N/A,https://www.booking.com/hotel/in/gera-new-delhi.en-gb.html?label=gen173nr-1BCAEoggI46AdIM1gEaGyIAQGYAQm4AQfIAQzYAQHoAQGIAgGoAgO4Aq73wr8GwAIB0gIkMzE0ODY0OTEtNTRhOS00ZTI2LWI4MzQtOTQ0MzllZjZmZTI42AIF4AIB&sid=da37e465ce5570e651695d00c645131c&aid=304142&ucfs=1&arphpl=1&checkin=2025-04-11&checkout=2025-05-13&dest_id=-2106102&dest_type=city&group_adults=2&req_adults=2&no_rooms=1&group_children=0&req_children=0&hpos=3&hapos=3&sr_order=popularity&srpvid=e9d62ce026480379&srepoch=1743834178&all_sr_blocks=1389770801_410964518_2_0_0&highlighted_blocks=1389770801_410964518_2_0_0&matching_block_id=1389770801_410964518_2_0_0&sr_pri_blocks=1389770801_410964518_2_0_0__3372800&from=searchresults
Dev Hotel,"Mahipalpur, New Delhi","₹ 28,288",N/A,N/A,https://www.booking.com/hotel/in/dev-new-delhi2.en-gb.html?label=gen173nr-1BCAEoggI46AdIM1gEaGyIAQGYAQm4AQfIAQzYAQHoAQGIAgGoAgO4Aq73wr8GwAIB0gIkMzE0ODY0OTEtNTRhOS00ZTI2LWI4MzQtOTQ0MzllZjZmZTI42AIF4AIB&sid=da37e465ce5570e651695d00c645131c&aid=304142&ucfs=1&arphpl=1&checkin=2025-04-11&checkout=2025-05-13&dest_id=-2106102&dest_type=city&group_adults=2&req_adults=2&no_rooms=1&group_children=0&req_children=0&hpos=4&hapos=4&sr_order=popularity&srpvid=e9d62ce026480379&srepoch=1743834178&all_sr_blocks=1389339901_410922960_2_0_0&highlighted_blocks=1389339901_410922960_2_0_0&matching_block_id=1389339901_410922960_2_0_0&sr_pri_blocks=1389339901_410922960_2_0_0__2828800&from=searchresults
Hotel Grand Marina,"Chanakyapuri, New Delhi","₹ 18,811",4.9,Review score,https://www.booking.com/hotel/in/grand-marina-new-delhi1.en-gb.html?label=gen173nr-1BCAEoggI46AdIM1gEaGyIAQGYAQm4AQfIAQzYAQHoAQGIAgGoAgO4Aq73wr8GwAIB0gIkMzE0ODY0OTEtNTRhOS00ZTI2LWI4MzQtOTQ0MzllZjZmZTI42AIF4AIB&sid=da37e465ce5570e651695d00c645131c&aid=304142&ucfs=1&arphpl=1&checkin=2025-04-11&checkout=2025-05-13&dest_id=-2106102&dest_type=city&group_adults=2&req_adults=2&no_rooms=1&group_children=0&req_children=0&hpos=5&hapos=5&sr_order=popularity&srpvid=e9d62ce026480379&srepoch=1743834178&all_sr_blocks=1355037002_407825745_0_42_0_795794&highlighted_blocks=1355037002_407825745_0_42_0_795794&matching_block_id=1355037002_407825745_0_42_0_795794&sr_pri_blocks=1355037002_407825745_0_42_0_795794_1881130&from=searchresults
Hotel Zion Dhama,New Delhi,"₹ 34,816",N/A,N/A,https://www.booking.com/hotel/in/zion-dhama.en-gb.html?label=gen173nr-1BCAEoggI46AdIM1gEaGyIAQGYAQm4AQfIAQzYAQHoAQGIAgGoAgO4Aq73wr8GwAIB0gIkMzE0ODY0OTEtNTRhOS00ZTI2LWI4MzQtOTQ0MzllZjZmZTI42AIF4AIB&sid=da37e465ce5570e651695d00c645131c&aid=304142&ucfs=1&arphpl=1&checkin=2025-04-11&checkout=2025-05-13&dest_id=-2106102&dest_type=city&group_adults=2&req_adults=2&no_rooms=1&group_children=0&req_children=0&hpos=6&hapos=6&sr_order=popularity&srpvid=e9d62ce026480379&srepoch=1743834178&all_sr_blocks=1389851201_410969557_2_1_0&highlighted_blocks=1389851201_410969557_2_1_0&matching_block_id=1389851201_410969557_2_1_0&sr_pri_blocks=1389851201_410969557_2_1_0__3481600&from=searchresults
Hotel Airport by family stay,New Delhi,"₹ 9,724",7.0,Good,https://www.booking.com/hotel/in/airport-by-family-stay.en-gb.html?label=gen173nr-1BCAEoggI46AdIM1gEaGyIAQGYAQm4AQfIAQzYAQHoAQGIAgGoAgO4Aq73wr8GwAIB0gIkMzE0ODY0OTEtNTRhOS00ZTI2LWI4MzQtOTQ0MzllZjZmZTI42AIF4AIB&sid=da37e465ce5570e651695d00c645131c&aid=304142&ucfs=1&arphpl=1&checkin=2025-04-11&checkout=2025-05-13&dest_id=-2106102&dest_type=city&group_adults=2&req_adults=2&no_rooms=1&group_children=0&req_children=0&hpos=7&hapos=7&sr_order=popularity&srpvid=e9d62ce026480379&srepoch=1743834178&all_sr_blocks=1359862404_408293086_2_41_0_823674&highlighted_blocks=1359862404_408293086_2_41_0_823674&matching_block_id=1359862404_408293086_2_41_0_823674&sr_pri_blocks=1359862404_408293086_2_41_0_823674_972390&from=searchresults
Hotel Grand City Lite Delhi Airport,"Chanakyapuri, New Delhi","₹ 18,811",4.7,Review score,https://www.booking.com/hotel/in/grand-city-lite-delhi-airport.en-gb.html?label=gen173nr-1BCAEoggI46AdIM1gEaGyIAQGYAQm4AQfIAQzYAQHoAQGIAgGoAgO4Aq73wr8GwAIB0gIkMzE0ODY0OTEtNTRhOS00ZTI2LWI4MzQtOTQ0MzllZjZmZTI42AIF4AIB&sid=da37e465ce5570e651695d00c645131c&aid=304142&ucfs=1&arphpl=1&checkin=2025-04-11&checkout=2025-05-13&dest_id=-2106102&dest_type=city&group_adults=2&req_adults=2&no_rooms=1&group_children=0&req_children=0&hpos=8&hapos=8&sr_order=popularity&srpvid=e9d62ce026480379&srepoch=1743834178&all_sr_blocks=1353049402_407634126_0_42_0_795061&highlighted_blocks=1353049402_407634126_0_42_0_795061&matching_block_id=1353049402_407634126_0_42_0_795061&sr_pri_blocks=1353049402_407634126_0_42_0_795061_1881130&from=searchresults
Hotel Grand Cozy,"Chanakyapuri, New Delhi","₹ 19,080",5.7,Review score,https://www.booking.com/hotel/in/king-cozy.en-gb.html?label=gen173nr-1BCAEoggI46AdIM1gEaGyIAQGYAQm4AQfIAQzYAQHoAQGIAgGoAgO4Aq73wr8GwAIB0gIkMzE0ODY0OTEtNTRhOS00ZTI2LWI4MzQtOTQ0MzllZjZmZTI42AIF4AIB&sid=da37e465ce5570e651695d00c645131c&aid=304142&ucfs=1&arphpl=1&checkin=2025-04-11&checkout=2025-05-13&dest_id=-2106102&dest_type=city&group_adults=2&req_adults=2&no_rooms=1&group_children=0&req_children=0&hpos=9&hapos=9&sr_order=popularity&srpvid=e9d62ce026480379&srepoch=1743834178&all_sr_blocks=1367258402_408976356_0_41_0&highlighted_blocks=1367258402_408976356_0_41_0&matching_block_id=1367258402_408976356_0_41_0&sr_pri_blocks=1367258402_408976356_0_41_0__1908003&from=searchresults
Hotel Nysha Near IGI Airport Delhi,New Delhi,"₹ 316,032",N/A,N/A,https://www.booking.com/hotel/in/nysha-near-igi-airport-delhi.en-gb.html?label=gen173nr-1BCAEoggI46AdIM1gEaGyIAQGYAQm4AQfIAQzYAQHoAQGIAgGoAgO4Aq73wr8GwAIB0gIkMzE0ODY0OTEtNTRhOS00ZTI2LWI4MzQtOTQ0MzllZjZmZTI42AIF4AIB&sid=da37e465ce5570e651695d00c645131c&aid=304142&ucfs=1&arphpl=1&checkin=2025-04-11&checkout=2025-05-13&dest_id=-2106102&dest_type=city&group_adults=2&req_adults=2&no_rooms=1&group_children=0&req_children=0&hpos=10&hapos=10&sr_order=popularity&srpvid=e9d62ce026480379&srepoch=1743834178&all_sr_blocks=1389845501_410969325_2_1_0&highlighted_blocks=1389845501_410969325_2_1_0&matching_block_id=1389845501_410969325_2_1_0&sr_pri_blocks=1389845501_410969325_2_1_0__31603200&from=searchresults
Hotel Le Mount Suite,"Chanakyapuri, New Delhi","₹ 29,792",8.1,Very good,https://www.booking.com/hotel/in/ala-new-delhi3.en-gb.html?label=gen173nr-1BCAEoggI46AdIM1gEaGyIAQGYAQm4AQfIAQzYAQHoAQGIAgGoAgO4Aq73wr8GwAIB0gIkMzE0ODY0OTEtNTRhOS00ZTI2LWI4MzQtOTQ0MzllZjZmZTI42AIF4AIB&sid=da37e465ce5570e651695d00c645131c&aid=304142&ucfs=1&arphpl=1&checkin=2025-04-11&checkout=2025-05-13&dest_id=-2106102&dest_type=city&group_adults=2&req_adults=2&no_rooms=1&group_children=0&req_children=0&hpos=11&hapos=11&sr_order=popularity&srpvid=e9d62ce026480379&srepoch=1743834178&all_sr_blocks=1376935701_409821660_2_41_0_854104&highlighted_blocks=1376935701_409821660_2_41_0_854104&matching_block_id=1376935701_409821660_2_41_0_854104&sr_pri_blocks=1376935701_409821660_2_41_0_854104_2979160&from=searchresults
Hotel Calabash Luxury Villa Near Delhi Airport,New Delhi,"₹ 73,432",N/A,N/A,https://www.booking.com/hotel/in/calabasy.en-gb.html?label=gen173nr-1BCAEoggI46AdIM1gEaGyIAQGYAQm4AQfIAQzYAQHoAQGIAgGoAgO4Aq73wr8GwAIB0gIkMzE0ODY0OTEtNTRhOS00ZTI2LWI4MzQtOTQ0MzllZjZmZTI42AIF4AIB&sid=da37e465ce5570e651695d00c645131c&aid=304142&ucfs=1&arphpl=1&checkin=2025-04-11&checkout=2025-05-13&dest_id=-2106102&dest_type=city&group_adults=2&req_adults=2&no_rooms=1&group_children=0&req_children=0&hpos=12&hapos=12&sr_order=popularity&srpvid=e9d62ce026480379&srepoch=1743834178&all_sr_blocks=1388711801_410866787_2_41_0&highlighted_blocks=1388711801_410866787_2_41_0&matching_block_id=1388711801_410866787_2_41_0&sr_pri_blocks=1388711801_410866787_2_41_0__7343184&from=searchresults
Hotel IVY Plaza Near Delhi Airport,"Chanakyapuri, New Delhi","₹ 18,811",6.0,Review score,https://www.booking.com/hotel/in/oxford-new-delhi5.en-gb.html?label=gen173nr-1BCAEoggI46AdIM1gEaGyIAQGYAQm4AQfIAQzYAQHoAQGIAgGoAgO4Aq73wr8GwAIB0gIkMzE0ODY0OTEtNTRhOS00ZTI2LWI4MzQtOTQ0MzllZjZmZTI42AIF4AIB&sid=da37e465ce5570e651695d00c645131c&aid=304142&ucfs=1&arphpl=1&checkin=2025-04-11&checkout=2025-05-13&dest_id=-2106102&dest_type=city&group_adults=2&req_adults=2&no_rooms=1&group_children=0&req_children=0&hpos=13&hapos=13&sr_order=popularity&srpvid=e9d62ce026480379&srepoch=1743834178&all_sr_blocks=1354368202_407766659_0_42_0_796349&highlighted_blocks=1354368202_407766659_0_42_0_796349&matching_block_id=1354368202_407766659_0_42_0_796349&sr_pri_blocks=1354368202_407766659_0_42_0_796349_1881130&from=searchresults
Hotel The C G Villa Just a Minute Away From New Delhi Railway Station and Connaught place,"Paharganj, New Delhi","₹ 42,103",9.3,Superb,https://www.booking.com/hotel/in/the-c-g-villa-at-new-delhi-railway-station.en-gb.html?label=gen173nr-1BCAEoggI46AdIM1gEaGyIAQGYAQm4AQfIAQzYAQHoAQGIAgGoAgO4Aq73wr8GwAIB0gIkMzE0ODY0OTEtNTRhOS00ZTI2LWI4MzQtOTQ0MzllZjZmZTI42AIF4AIB&sid=da37e465ce5570e651695d00c645131c&aid=304142&ucfs=1&arphpl=1&checkin=2025-04-11&checkout=2025-05-13&dest_id=-2106102&dest_type=city&group_adults=2&req_adults=2&no_rooms=1&group_children=0&req_children=0&hpos=14&hapos=14&sr_order=popularity&srpvid=e9d62ce026480379&srepoch=1743834178&all_sr_blocks=1373103901_409479229_0_40_0_834737&highlighted_blocks=1373103901_409479229_0_40_0_834737&matching_block_id=1373103901_409479229_0_40_0_834737&sr_pri_blocks=1373103901_409479229_0_40_0_834737_4210304&from=searchresults
Hotel Daira Suite,"Chanakyapuri, New Delhi","₹ 316,032",N/A,N/A,https://www.booking.com/hotel/in/daira-suite.en-gb.html?label=gen173nr-1BCAEoggI46AdIM1gEaGyIAQGYAQm4AQfIAQzYAQHoAQGIAgGoAgO4Aq73wr8GwAIB0gIkMzE0ODY0OTEtNTRhOS00ZTI2LWI4MzQtOTQ0MzllZjZmZTI42AIF4AIB&sid=da37e465ce5570e651695d00c645131c&aid=304142&ucfs=1&arphpl=1&checkin=2025-04-11&checkout=2025-05-13&dest_id=-2106102&dest_type=city&group_adults=2&req_adults=2&no_rooms=1&group_children=0&req_children=0&hpos=15&hapos=15&sr_order=popularity&srpvid=e9d62ce026480379&srepoch=1743834178&all_sr_blocks=1389839701_410969092_2_1_0&highlighted_blocks=1389839701_410969092_2_1_0&matching_block_id=1389839701_410969092_2_1_0&sr_pri_blocks=1389839701_410969092_2_1_0__31603200&from=searchresults
Airport Hotel Grand by Fantasia,"Mahipalpur, New Delhi","₹ 59,940",7.8,Good,https://www.booking.com/hotel/in/the-grand-sarwan.en-gb.html?label=gen173nr-1BCAEoggI46AdIM1gEaGyIAQGYAQm4AQfIAQzYAQHoAQGIAgGoAgO4Aq73wr8GwAIB0gIkMzE0ODY0OTEtNTRhOS00ZTI2LWI4MzQtOTQ0MzllZjZmZTI42AIF4AIB&sid=da37e465ce5570e651695d00c645131c&aid=304142&ucfs=1&arphpl=1&checkin=2025-04-11&checkout=2025-05-13&dest_id=-2106102&dest_type=city&group_adults=2&req_adults=2&no_rooms=1&group_children=0&req_children=0&hpos=16&hapos=16&sr_order=popularity&srpvid=e9d62ce026480379&srepoch=1743834178&all_sr_blocks=40346820_407825976_0_42_0&highlighted_blocks=40346820_407825976_0_42_0&matching_block_id=40346820_407825976_0_42_0&sr_pri_blocks=40346820_407825976_0_42_0__5994000&from=searchresults
Hotel City Lite Near Delhi Airport,"Chanakyapuri, New Delhi","₹ 18,184",5.7,Review score,https://www.booking.com/hotel/in/city-lite-near-delhi-airport-new-delhi.en-gb.html?label=gen173nr-1BCAEoggI46AdIM1gEaGyIAQGYAQm4AQfIAQzYAQHoAQGIAgGoAgO4Aq73wr8GwAIB0gIkMzE0ODY0OTEtNTRhOS00ZTI2LWI4MzQtOTQ0MzllZjZmZTI42AIF4AIB&sid=da37e465ce5570e651695d00c645131c&aid=304142&ucfs=1&arphpl=1&checkin=2025-04-11&checkout=2025-05-13&dest_id=-2106102&dest_type=city&group_adults=2&req_adults=2&no_rooms=1&group_children=0&req_children=0&hpos=17&hapos=17&sr_order=popularity&srpvid=e9d62ce026480379&srepoch=1743834178&all_sr_blocks=1367245702_408975572_0_41_0_836324&highlighted_blocks=1367245702_408975572_0_41_0_836324&matching_block_id=1367245702_408975572_0_41_0_836324&sr_pri_blocks=1367245702_408975572_0_41_0_836324_1818425&from=searchresults
Hotel TEJ INN Plaza Near IGI Airport Delhi,New Delhi,"₹ 28,662",8.0,Very good,https://www.booking.com/hotel/in/lord-dori-man.en-gb.html?label=gen173nr-1BCAEoggI46AdIM1gEaGyIAQGYAQm4AQfIAQzYAQHoAQGIAgGoAgO4Aq73wr8GwAIB0gIkMzE0ODY0OTEtNTRhOS00ZTI2LWI4MzQtOTQ0MzllZjZmZTI42AIF4AIB&sid=da37e465ce5570e651695d00c645131c&aid=304142&ucfs=1&arphpl=1&checkin=2025-04-11&checkout=2025-05-13&dest_id=-2106102&dest_type=city&group_adults=2&req_adults=2&no_rooms=1&group_children=0&req_children=0&hpos=18&hapos=18&sr_order=popularity&srpvid=e9d62ce026480379&srepoch=1743834178&all_sr_blocks=1302816503_403151941_2_41_0_763627&highlighted_blocks=1302816503_403151941_2_41_0_763627&matching_block_id=1302816503_403151941_2_41_0_763627&sr_pri_blocks=1302816503_403151941_2_41_0_763627_2866176&from=searchresults
Hotel O Mint,"Dwarka, New Delhi","₹ 35,291",6.5,Review score,https://www.booking.com/hotel/in/oyo-22235-ryan-residency-delhi123456.en-gb.html?label=gen173nr-1BCAEoggI46AdIM1gEaGyIAQGYAQm4AQfIAQzYAQHoAQGIAgGoAgO4Aq73wr8GwAIB0gIkMzE0ODY0OTEtNTRhOS00ZTI2LWI4MzQtOTQ0MzllZjZmZTI42AIF4AIB&sid=da37e465ce5570e651695d00c645131c&aid=304142&ucfs=1&arphpl=1&checkin=2025-04-11&checkout=2025-05-13&dest_id=-2106102&dest_type=city&group_adults=2&req_adults=2&no_rooms=1&group_children=0&req_children=0&hpos=19&hapos=19&sr_order=popularity&srpvid=e9d62ce026480379&srepoch=1743834178&all_sr_blocks=429088602_340765495_2_0_0&highlighted_blocks=429088602_340765495_2_0_0&matching_block_id=429088602_340765495_2_0_0&sr_pri_blocks=429088602_340765495_2_0_0__3529084&from=searchresults
Hotel Grand Aerotech,"Chanakyapuri, New Delhi","₹ 27,257",5.2,Review score,https://www.booking.com/hotel/in/grand-aerotech-new-delhi.en-gb.html?label=gen173nr-1BCAEoggI46AdIM1gEaGyIAQGYAQm4AQfIAQzYAQHoAQGIAgGoAgO4Aq73wr8GwAIB0gIkMzE0ODY0OTEtNTRhOS00ZTI2LWI4MzQtOTQ0MzllZjZmZTI42AIF4AIB&sid=da37e465ce5570e651695d00c645131c&aid=304142&ucfs=1&arphpl=1&checkin=2025-04-11&checkout=2025-05-13&dest_id=-2106102&dest_type=city&group_adults=2&req_adults=2&no_rooms=1&group_children=0&req_children=0&hpos=20&hapos=20&sr_order=popularity&srpvid=e9d62ce026480379&srepoch=1743834178&all_sr_blocks=1354377302_407767224_2_42_0_841107&highlighted_blocks=1354377302_407767224_2_42_0_841107&matching_block_id=1354377302_407767224_2_42_0_841107&sr_pri_blocks=1354377302_407767224_2_42_0_841107_2725718&from=searchresults
Airport Hotel Luxury Stay Delhi,"Mahipalpur, New Delhi","₹ 22,568",8.5,Very good,https://www.booking.com/hotel/in/airport-krishiv-residency.en-gb.html?label=gen173nr-1BCAEoggI46AdIM1gEaGyIAQGYAQm4AQfIAQzYAQHoAQGIAgGoAgO4Aq73wr8GwAIB0gIkMzE0ODY0OTEtNTRhOS00ZTI2LWI4MzQtOTQ0MzllZjZmZTI42AIF4AIB&sid=da37e465ce5570e651695d00c645131c&aid=304142&ucfs=1&arphpl=1&checkin=2025-04-11&checkout=2025-05-13&dest_id=-2106102&dest_type=city&group_adults=2&req_adults=2&no_rooms=1&group_children=0&req_children=0&hpos=21&hapos=21&sr_order=popularity&srpvid=e9d62ce026480379&srepoch=1743834178&all_sr_blocks=1359259801_408242018_0_2_0&highlighted_blocks=1359259801_408242018_0_2_0&matching_block_id=1359259801_408242018_0_2_0&sr_pri_blocks=1359259801_408242018_0_2_0__2256791&from=searchresults
Hotel Rosewood suites Near Delhi Airport,New Delhi,"₹ 34,826",8.4,Very good,https://www.booking.com/hotel/in/jai-shree-palace-mahipalpur.en-gb.html?label=gen173nr-1BCAEoggI46AdIM1gEaGyIAQGYAQm4AQfIAQzYAQHoAQGIAgGoAgO4Aq73wr8GwAIB0gIkMzE0ODY0OTEtNTRhOS00ZTI2LWI4MzQtOTQ0MzllZjZmZTI42AIF4AIB&sid=da37e465ce5570e651695d00c645131c&aid=304142&ucfs=1&arphpl=1&checkin=2025-04-11&checkout=2025-05-13&dest_id=-2106102&dest_type=city&group_adults=2&req_adults=2&no_rooms=1&group_children=0&req_children=0&hpos=22&hapos=22&sr_order=popularity&srpvid=e9d62ce026480379&srepoch=1743834178&all_sr_blocks=1373406401_409508045_0_40_0&highlighted_blocks=1373406401_409508045_0_40_0&matching_block_id=1373406401_409508045_0_40_0&sr_pri_blocks=1373406401_409508045_0_40_0__3482609&from=searchresults
Supernova BNB 37,New Delhi,"₹ 100,074",N/A,Very good 8.2,https://www.booking.com/hotel/in/supernova-bnb-37.en-gb.html?label=gen173nr-1BCAEoggI46AdIM1gEaGyIAQGYAQm4AQfIAQzYAQHoAQGIAgGoAgO4Aq73wr8GwAIB0gIkMzE0ODY0OTEtNTRhOS00ZTI2LWI4MzQtOTQ0MzllZjZmZTI42AIF4AIB&sid=da37e465ce5570e651695d00c645131c&aid=304142&ucfs=1&arphpl=1&checkin=2025-04-11&checkout=2025-05-13&dest_id=-2106102&dest_type=city&group_adults=2&req_adults=2&no_rooms=1&group_children=0&req_children=0&hpos=23&hapos=23&sr_order=popularity&srpvid=e9d62ce026480379&srepoch=1743834178&all_sr_blocks=1390094801_410983434_2_0_0&highlighted_blocks=1390094801_410983434_2_0_0&matching_block_id=1390094801_410983434_2_0_0&sr_pri_blocks=1390094801_410983434_2_0_0__10007424&from=searchresults
Hotel Zed - Near Delhi Airport,"Aerocity, New Delhi","₹ 33,847",8.0,Very good,https://www.booking.com/hotel/in/z-residency.en-gb.html?label=gen173nr-1BCAEoggI46AdIM1gEaGyIAQGYAQm4AQfIAQzYAQHoAQGIAgGoAgO4Aq73wr8GwAIB0gIkMzE0ODY0OTEtNTRhOS00ZTI2LWI4MzQtOTQ0MzllZjZmZTI42AIF4AIB&sid=da37e465ce5570e651695d00c645131c&aid=304142&ucfs=1&arphpl=1&checkin=2025-04-11&checkout=2025-05-13&dest_id=-2106102&dest_type=city&group_adults=2&req_adults=2&no_rooms=1&group_children=0&req_children=0&hpos=24&hapos=24&sr_order=popularity&srpvid=e9d62ce026480379&srepoch=1743834178&all_sr_blocks=1352406501_407785763_2_1_0_852414&highlighted_blocks=1352406501_407785763_2_1_0_852414&matching_block_id=1352406501_407785763_2_1_0_852414&sr_pri_blocks=1352406501_407785763_2_1_0_852414_3384685&from=searchresults
"Hotel Apple Inn & Suites, New Delhi","Paharganj, New Delhi","₹ 61,355",8.3,Very good,https://www.booking.com/hotel/in/mango-suites.en-gb.html?label=gen173nr-1BCAEoggI46AdIM1gEaGyIAQGYAQm4AQfIAQzYAQHoAQGIAgGoAgO4Aq73wr8GwAIB0gIkMzE0ODY0OTEtNTRhOS00ZTI2LWI4MzQtOTQ0MzllZjZmZTI42AIF4AIB&sid=da37e465ce5570e651695d00c645131c&aid=304142&ucfs=1&arphpl=1&checkin=2025-04-11&checkout=2025-05-13&dest_id=-2106102&dest_type=city&group_adults=2&req_adults=2&no_rooms=1&group_children=0&req_children=0&hpos=25&hapos=25&sr_order=popularity&srpvid=e9d62ce026480379&srepoch=1743834178&all_sr_blocks=1101148301_382955304_0_2_0_701757&highlighted_blocks=1101148301_382955304_0_2_0_701757&matching_block_id=1101148301_382955304_0_2_0_701757&sr_pri_blocks=1101148301_382955304_0_2_0_701757_6135504&from=searchresults
